{
  "env": {
    "TERM": "xterm-256color",
    "SHELL": "/bin/bash"
  },
  "height": 24,
  "command": null,
  "version": 1,
  "stdout": [
    [
      0.027833,
      "\u001b]0;slav@slav-OptiPlex-7010: ~\u0007\u001b[01;32mslav@slav-OptiPlex-7010\u001b[00m:\u001b[01;34m~\u001b[00m$ "
    ],
    [
      1.648167,
      "b"
    ],
    [
      0.403537,
      "r"
    ],
    [
      0.102262,
      "a"
    ],
    [
      0.13888,
      "i"
    ],
    [
      0.165221,
      "n"
    ],
    [
      0.441632,
      "-"
    ],
    [
      0.418303,
      "g"
    ],
    [
      0.060122,
      "a"
    ],
    [
      0.753942,
      "m"
    ],
    [
      0.080804,
      "e"
    ],
    [
      0.203131,
      "s"
    ],
    [
      0.4498,
      "\r\n"
    ],
    [
      0.001204,
      " Welcome to the Brain Games!\r\n"
    ],
    [
      0.000541,
      "\u001b]0;slav@slav-OptiPlex-7010: ~\u0007\u001b[01;32mslav@slav-OptiPlex-7010\u001b[00m:\u001b[01;34m~\u001b[00m$ "
    ],
    [
      4.459533,
      "e"
    ],
    [
      0.376817,
      "x"
    ],
    [
      0.080036,
      "i"
    ],
    [
      0.205982,
      "t"
    ],
    [
      0.411988,
      "\r\n"
    ]
  ],
  "title": null,
  "width": 80,
  "duration": 10.4306
}